x,Train,Test
-1.000000000000000000e+01,-1.878062255126195526e+10,-5.387328503954104334e+07
-9.979979515075683594e+00,-1.872134592443252563e+10,-5.385594638637141138e+07
-9.959959983825683594e+00,-1.866030761406308365e+10,-5.383412341351903975e+07
-9.939939498901367188e+00,-1.859751649299773407e+10,-5.380781746621235460e+07
-9.919919967651367188e+00,-1.853299373285648346e+10,-5.377703557395050675e+07
-9.899899482727050781e+00,-1.846674887318365479e+10,-5.374178042559776455e+07
-9.879879951477050781e+00,-1.839880440136553955e+10,-5.370206209733957052e+07
-9.859859466552734375e+00,-1.832917050537849426e+10,-5.365788461702489108e+07
-9.839839935302734375e+00,-1.825787095703124237e+10,-5.360926109640747309e+07
-9.819819450378417969e+00,-1.818491657297663879e+10,-5.355619689497733116e+07
-9.799799919128417969e+00,-1.811033237590349579e+10,-5.349870814458765835e+07
-9.779779434204101562e+00,-1.803412978994254303e+10,-5.343680152634930611e+07
-9.759759902954101562e+00,-1.795633505298881531e+10,-5.337049617242345214e+07
-9.739739418029785156e+00,-1.787696017405746078e+10,-5.329980007286702842e+07
-9.719719886779785156e+00,-1.779603256851657104e+10,-5.322473533607263118e+07
-9.699699401855468750e+00,-1.771356480632980347e+10,-5.314531124574290961e+07
-9.679679870605468750e+00,-1.762958544062319183e+10,-5.306155285818633437e+07
-9.659659385681152344e+00,-1.754410757708649826e+10,-5.297347073286017030e+07
-9.639639854431152344e+00,-1.745716086498920441e+10,-5.288109284148974717e+07
-9.619619369506835938e+00,-1.736875891929798126e+10,-5.278443099884638935e+07
-9.599599838256835938e+00,-1.727893244199886322e+10,-5.268351605545372516e+07
-9.579579353332519531e+00,-1.718769552972273254e+10,-5.257836105845459551e+07
-9.559559822082519531e+00,-1.709507989202460289e+10,-5.246899969650531560e+07
-9.539539337158203125e+00,-1.700110007848972511e+10,-5.235544622372908890e+07
-9.519519805908203125e+00,-1.690578875946988869e+10,-5.223773712228338420e+07
-9.499499320983886719e+00,-1.680916090776728058e+10,-5.211588782549101114e+07
-9.479479789733886719e+00,-1.671125010623360443e+10,-5.198993756050240248e+07
-9.459459304809570312e+00,-1.661207172019548416e+10,-5.185990290973460674e+07
-9.439439773559570312e+00,-1.651166019528672791e+10,-5.172582579304303229e+07
-9.419419288635253906e+00,-1.641003125778597069e+10,-5.158772390957923234e+07
-9.399399757385253906e+00,-1.630722016507761765e+10,-5.144564181594082713e+07
-9.379379272460937500e+00,-1.620324297201759148e+10,-5.129959829347544163e+07
-9.359359741210937500e+00,-1.609813569550609398e+10,-5.114964047599735856e+07
-9.339339256286621094e+00,-1.599191468587915611e+10,-5.099578819041363895e+07
-9.319319725036621094e+00,-1.588461666622795105e+10,-5.083809108478634804e+07
-9.299299240112304688e+00,-1.577625824863085365e+10,-5.067656999293260276e+07
-9.279279708862304688e+00,-1.566687680807096863e+10,-5.051127701087603718e+07
-9.259259223937988281e+00,-1.555648918407431412e+10,-5.034223393877173215e+07
-9.239239692687988281e+00,-1.544513334836073685e+10,-5.016949525113385916e+07
-9.219219207763671875e+00,-1.533282633313731194e+10,-4.999308367205493152e+07
-9.199199676513671875e+00,-1.521960665096922874e+10,-4.981305598202244192e+07
-9.179179191589355469e+00,-1.510549149159265709e+10,-4.962943578493569046e+07
-9.159159660339355469e+00,-1.499051985191198921e+10,-4.944228209183649719e+07
-9.139139175415039062e+00,-1.487470904374237633e+10,-4.925161934067227691e+07
-9.119118690490722656e+00,-1.475809291760135269e+10,-4.905749936633041501e+07
-9.099099159240722656e+00,-1.464070559290700340e+10,-4.885997537913819402e+07
-9.079078674316406250e+00,-1.452256449768937302e+10,-4.865907297902567685e+07
-9.059059143066406250e+00,-1.440370958956636047e+10,-4.845485640580713749e+07
-9.039038658142089844e+00,-1.428415832929621696e+10,-4.824735197264131904e+07
-9.019019126892089844e+00,-1.416395095800228691e+10,-4.803662586528260261e+07
-8.998998641967773438e+00,-1.404310493337362862e+10,-4.782270505951283127e+07
-8.978979110717773438e+00,-1.392166072229518509e+10,-4.760565760047005862e+07
-8.958958625793457031e+00,-1.379963574368952560e+10,-4.738551107482350618e+07
-8.938939094543457031e+00,-1.367707063252551651e+10,-4.716233529851552844e+07
-8.918918609619140625e+00,-1.355398273345009613e+10,-4.693615841635414213e+07
-8.898899078369140625e+00,-1.343041279202780914e+10,-4.670705192465565354e+07
-8.878878593444824219e+00,-1.330637804339629936e+10,-4.647504447272456437e+07
-8.858859062194824219e+00,-1.318191928653910828e+10,-4.624020914514428377e+07
-8.838838577270507812e+00,-1.305705361221269417e+10,-4.600257504130008817e+07
-8.818819046020507812e+00,-1.293182181607530212e+10,-4.576221674043600261e+07
-8.798798561096191406e+00,-1.280624081007707787e+10,-4.551916373695056140e+07
-8.778779029846191406e+00,-1.268035133035824013e+10,-4.527349200982054323e+07
-8.758758544921875000e+00,-1.255417007616769981e+10,-4.502523139286077768e+07
-8.738739013671875000e+00,-1.242773766860351562e+10,-4.477445916871147603e+07
-8.718718528747558594e+00,-1.230107056093040848e+10,-4.452120545459990948e+07
-8.698698997497558594e+00,-1.217420920446335220e+10,-4.426554873979948461e+07
-8.678678512573242188e+00,-1.204716977389162254e+10,-4.400751936866208166e+07
-8.658658981323242188e+00,-1.191999249690149689e+10,-4.374719693928423524e+07
-8.638638496398925781e+00,-1.179269323778458977e+10,-4.348461196669295430e+07
-8.618618965148925781e+00,-1.166531194775716400e+10,-4.321984505939909071e+07
-8.598598480224609375e+00,-1.153786414973504829e+10,-4.295292684661573917e+07
-8.578578948974609375e+00,-1.141038946673320770e+10,-4.268393884844096005e+07
-8.558558464050292969e+00,-1.128290305022989464e+10,-4.241291175186631083e+07
-8.538538932800292969e+00,-1.115544414451965904e+10,-4.213992788951133192e+07
-8.518518447875976562e+00,-1.102802750056711197e+10,-4.186501794993977994e+07
-8.498498916625976562e+00,-1.090069193473786736e+10,-4.158826497916670144e+07
-8.478478431701660156e+00,-1.077345176945868492e+10,-4.130969961144135147e+07
-8.458458900451660156e+00,-1.064634534536252022e+10,-4.102940550716457516e+07
-8.438438415527343750e+00,-1.051938652942905998e+10,-4.074741319082064182e+07
-8.418418884277343750e+00,-1.039261314024957657e+10,-4.046380683847729862e+07
-8.398398399353027344e+00,-1.026603856362180138e+10,-4.017861680995385349e+07
-8.378378868103027344e+00,-1.013970005136640930e+10,-3.989192769872863591e+07
-8.358358383178710938e+00,-1.001361048359452438e+10,-3.960376964571869373e+07
-8.338338851928710938e+00,-9.887806502288024902e+09,-3.931422756418825686e+07
-8.318318367004394531e+00,-9.762300458649066925e+09,-3.902333132268667221e+07
-8.298298835754394531e+00,-9.637128343488777161e+09,-3.873116605743671209e+07
-8.278278350830078125e+00,-9.512301957208482742e+09,-3.843776131203303486e+07
-8.258257865905761719e+00,-9.387850680997684479e+09,-3.814318829090970010e+07
-8.238238334655761719e+00,-9.263803500716684341e+09,-3.784751833773838729e+07
-8.218217849731445312e+00,-9.140171352529041290e+09,-3.755078041225075722e+07
-8.198198318481445312e+00,-9.016988430498796463e+09,-3.725305979112788290e+07
-8.178177833557128906e+00,-8.894265071358547211e+09,-3.695438498219098896e+07
-8.158158302307128906e+00,-8.772034687982110977e+09,-3.665484115476240963e+07
-8.138137817382812500e+00,-8.650307000755578995e+09,-3.635445631603059173e+07
-8.118118286132812500e+00,-8.529114608638324738e+09,-3.605331543666310608e+07
-8.098097801208496094e+00,-8.408466600249954224e+09,-3.575144597580811381e+07
-8.078078269958496094e+00,-8.288394729967550278e+09,-3.544893261581607163e+07
-8.058057785034179688e+00,-8.168907440744586945e+09,-3.514580222178838402e+07
-8.038038253784179688e+00,-8.050035613804147720e+09,-3.484213909986604750e+07
-8.018017768859863281e+00,-7.931787034074535370e+09,-3.453796947658011317e+07
-7.997998237609863281e+00,-7.814191683183256149e+09,-3.423337719586997479e+07
-7.977978229522705078e+00,-7.697259454252271652e+09,-3.392839507093171775e+07
-7.957958221435546875e+00,-7.581011073965415955e+09,-3.362308459494011849e+07
-7.937938213348388672e+00,-7.465464055037908554e+09,-3.331749967589802667e+07
-7.917918205261230469e+00,-7.350635501375146866e+09,-3.301169387156473473e+07
-7.897898197174072266e+00,-7.236542104725189209e+09,-3.270572037466423959e+07
-7.877878189086914062e+00,-7.123200141567674637e+09,-3.239963199835094810e+07
-7.857857704162597656e+00,-7.010622798193735123e+09,-3.209347386969750002e+07
-7.837837696075439453e+00,-6.898830875074001312e+09,-3.178731258501679450e+07
-7.817817687988281250e+00,-6.787836696065219879e+09,-3.148119244281094521e+07
-7.797797679901123047e+00,-6.677654850182636261e+09,-3.117516459791784734e+07
-7.777777671813964844e+00,-6.568299499163595200e+09,-3.086927975696140900e+07
-7.757757663726806641e+00,-6.459784375772615433e+09,-3.056358816545946896e+07
-7.737737655639648438e+00,-6.352122782340656281e+09,-3.025813959522046149e+07
-7.717717647552490234e+00,-6.245327589537614822e+09,-2.995298333203211799e+07
-7.697697639465332031e+00,-6.139411235377023697e+09,-2.964816816364600509e+07
-7.677677631378173828e+00,-6.034385724451595306e+09,-2.934374236806114018e+07
-7.657657623291015625e+00,-5.930262627398330688e+09,-2.903975370210971311e+07
-7.637637615203857422e+00,-5.827053080591629028e+09,-2.873624939034812525e+07
-7.617617607116699219e+00,-5.724767786062641144e+09,-2.843327611425577849e+07
-7.597597599029541016e+00,-5.623417011643138885e+09,-2.813088000174444914e+07
-7.577577590942382812e+00,-5.523010591331962585e+09,-2.782910661698044464e+07
-7.557557582855224609e+00,-5.423557925881763458e+09,-2.752800095052178204e+07
-7.537537574768066406e+00,-5.325067983604036331e+09,-2.722760740977233648e+07
-7.517517566680908203e+00,-5.227549301389959335e+09,-2.692796980975485593e+07
-7.497497558593750000e+00,-5.131009985944461823e+09,-2.662913136420421302e+07
-7.477477550506591797e+00,-5.035457715231107712e+09,-2.633113467698258907e+07
-7.457457542419433594e+00,-4.940899740124870300e+09,-2.603402173381762207e+07
-7.437437534332275391e+00,-4.847342886269979477e+09,-2.573783389436449483e+07
-7.417417526245117188e+00,-4.754793556139862061e+09,-2.544261188459303230e+07
-7.397397518157958984e+00,-4.663257731296106339e+09,-2.514839578950029612e+07
-7.377377510070800781e+00,-4.572740974843175888e+09,-2.485522504614907876e+07
-7.357357501983642578e+00,-4.483248434075561523e+09,-2.456313843703285232e+07
-7.337337493896484375e+00,-4.394784843313999176e+09,-2.427217408376693353e+07
-7.317317485809326172e+00,-4.307354526927127838e+09,-2.398236944110608846e+07
-7.297297477722167969e+00,-4.220961402535089493e+09,-2.369376129128810018e+07
-7.277277469635009766e+00,-4.135608984391204834e+09,-2.340638573870300874e+07
-7.257257461547851562e+00,-4.051300386937999725e+09,-2.312027820488732308e+07
-7.237237453460693359e+00,-3.968038328533691406e+09,-2.283547342384247109e+07
-7.217217445373535156e+00,-3.885825135345069885e+09,-2.255200543767654523e+07
-7.197197437286376953e+00,-3.804662745402814865e+09,-2.226990759256813303e+07
-7.177177429199218750e+00,-3.724552712814950943e+09,-2.198921253505105525e+07
-7.157157421112060547e+00,-3.645496212134445190e+09,-2.170995220861856267e+07
-7.137137413024902344e+00,-3.567494042876453400e+09,-2.143215785064519197e+07
-7.117117404937744141e+00,-3.490546634180955887e+09,-2.115585998962477595e+07
-7.097097396850585938e+00,-3.414654049616436005e+09,-2.088108844272249937e+07
-7.077077388763427734e+00,-3.339815992119989395e+09,-2.060787231363897026e+07
-7.057057380676269531e+00,-3.266031809069475174e+09,-2.033623999078411236e+07
-7.037037372589111328e+00,-3.193300497483043671e+09,-2.006621914575839415e+07
-7.017017364501953125e+00,-3.121620709341537476e+09,-1.979783673213905841e+07
-6.996996879577636719e+00,-3.050989087250009537e+09,-1.953111265190611780e+07
-6.976976871490478516e+00,-2.981406974037628174e+09,-1.926608512603459135e+07
-6.956956863403320312e+00,-2.912870324896383286e+09,-1.900277257712181658e+07
-6.936936855316162109e+00,-2.845376467166069031e+09,-1.874119908049835265e+07
-6.916916847229003906e+00,-2.778922411438962936e+09,-1.848138799187777191e+07
-6.896896839141845703e+00,-2.713504857520009995e+09,-1.822336194791162759e+07
-6.876876831054687500e+00,-2.649120200476682663e+09,-1.796714286702780053e+07
-6.856856822967529297e+00,-2.585764536773469925e+09,-1.771275195054880902e+07
-6.836836814880371094e+00,-2.523433670486331940e+09,-1.746020968408640474e+07
-6.816816806793212891e+00,-2.462123119592124939e+09,-1.720953583920856193e+07
-6.796796798706054688e+00,-2.401828122328269958e+09,-1.696074947537511587e+07
-6.776776790618896484e+00,-2.342543643617736816e+09,-1.671386894213798642e+07
-6.756756782531738281e+00,-2.284264381554492950e+09,-1.646891188160181977e+07
-6.736736774444580078e+00,-2.226984773944658279e+09,-1.622589523114107549e+07
-6.716716766357421875e+00,-2.170699004898454666e+09,-1.598483522636904381e+07
-6.696696758270263672e+00,-2.115401011468219757e+09,-1.574574740435457975e+07
-6.676676750183105469e+00,-2.061084490327638626e+09,-1.550864660708202049e+07
-6.656656742095947266e+00,-2.007742904487501144e+09,-1.527354698514984921e+07
-6.636636734008789062e+00,-1.955369490043169022e+09,-1.504046200170334801e+07
-6.616616725921630859e+00,-1.903957262949132919e+09,-1.480940443659669906e+07
-6.596596717834472656e+00,-1.853499025815954208e+09,-1.458038639077973925e+07
-6.576576709747314453e+00,-1.803987374724927902e+09,-1.435341929090445302e+07
-6.556556701660156250e+00,-1.755414706055982590e+09,-1.412851389414652251e+07
-6.536536693572998047e+00,-1.707773223324150085e+09,-1.390568029323675297e+07
-6.516516685485839844e+00,-1.661054944020174026e+09,-1.368492792169762030e+07
-6.496496677398681641e+00,-1.615251706450843811e+09,-1.346626555927972309e+07
-6.476476669311523438e+00,-1.570355176574590683e+09,-1.324970133759311959e+07
-6.456456661224365234e+00,-1.526356854828035355e+09,-1.303524274592841975e+07
-6.436436653137207031e+00,-1.483248082939233780e+09,-1.282289663726244867e+07
-6.416416645050048828e+00,-1.441020050723396301e+09,-1.261266923444326967e+07
-6.396396636962890625e+00,-1.399663802856924057e+09,-1.240456613654933125e+07
-6.376376628875732422e+00,-1.359170245625677109e+09,-1.219859232541746646e+07
-6.356356620788574219e+00,-1.319530153643465042e+09,-1.199475217233447358e+07
-6.336336612701416016e+00,-1.280734176536844254e+09,-1.179304944488691725e+07
-6.316316604614257812e+00,-1.242772845592334747e+09,-1.159348731396389008e+07
-6.296296596527099609e+00,-1.205636580362260818e+09,-1.139606836090729758e+07
-6.276276588439941406e+00,-1.169315695225545883e+09,-1.120079458480439894e+07
-6.256256580352783203e+00,-1.133800405899761200e+09,-1.100766740991718508e+07
-6.236236572265625000e+00,-1.099080835901025772e+09,-1.081668769324326701e+07
-6.216216564178466797e+00,-1.065147022948097229e+09,-1.062785573220285214e+07
-6.196196556091308594e+00,-1.031988925307476044e+09,-1.044117127244650945e+07
-6.176176548004150391e+00,-9.995964280761337280e+08,-1.025663351577832922e+07
-6.156156539916992188e+00,-9.679593493986930847e+08,-1.007424112818912789e+07
-6.136136054992675781e+00,-9.370667196245498657e+08,-9.893987980330906808e+06
-6.116116046905517578e+00,-9.069097127307491302e+08,-9.715880277373123914e+06
-6.096096038818359375e+00,-8.774772379879016876e+08,-9.539910808383341879e+06
-6.076076030731201172e+00,-8.487589064847412109e+08,-9.366076178434327245e+06
-6.056056022644042969e+00,-8.207442923553657532e+08,-9.194372498416617513e+06
-6.036036014556884766e+00,-7.934229385413780212e+08,-9.024795393620679155e+06
-6.016016006469726562e+00,-7.667843624687747955e+08,-8.857340012392256409e+06
-5.995995998382568359e+00,-7.408180616371974945e+08,-8.692001034855717793e+06
-5.975975990295410156e+00,-7.155135191191711426e+08,-8.528772681700248271e+06
-5.955955982208251953e+00,-6.908602089671497345e+08,-8.367648723023835570e+06
-5.935935974121093750e+00,-6.668476015262241364e+08,-8.208622487229989842e+06
-5.915915966033935547e+00,-6.434651686505088806e+08,-8.051686869972218759e+06
-5.895895957946777344e+00,-6.207023888212490082e+08,-7.896834343141261488e+06
-5.875875949859619141e+00,-5.985487521648597717e+08,-7.744056963890217245e+06
-5.855855941772460938e+00,-5.769937653691864014e+08,-7.593346383692691103e+06
-5.835835933685302734e+00,-5.560269564963836670e+08,-7.444693857429167256e+06
-5.815815925598144531e+00,-5.356378796908931732e+08,-7.298090252496849746e+06
-5.795795917510986328e+00,-5.158161197811279297e+08,-7.153526057938320562e+06
-5.775775909423828125e+00,-4.965512967735519409e+08,-7.010991393584305421e+06
-5.755755901336669922e+00,-4.778330702380199432e+08,-6.870476019206095487e+06
-5.735735893249511719e+00,-4.596511435831413269e+08,-6.731969343673007563e+06
-5.715715885162353516e+00,-4.419952682208747864e+08,-6.595460434110537171e+06
-5.695695877075195312e+00,-4.248552476192455292e+08,-6.460938025054749101e+06
-5.675675868988037109e+00,-4.082209412425804138e+08,-6.328390527598685585e+06
-5.655655860900878906e+00,-3.920822683784141541e+08,-6.197806038526490331e+06
-5.635635852813720703e+00,-3.764292118505878448e+08,-6.069172349431136623e+06
-5.615615844726562500e+00,-3.612518216179924011e+08,-5.942476955811638385e+06
-5.595595836639404297e+00,-3.465402182585067749e+08,-5.817707066145738587e+06
-5.575575828552246094e+00,-3.322845963379364014e+08,-5.694849610934171826e+06
-5.555555820465087891e+00,-3.184752276636409760e+08,-5.573891251712579280e+06
-5.535535812377929688e+00,-3.051024644227714539e+08,-5.454818390027344227e+06
-5.515515804290771484e+00,-2.921567422051124573e+08,-5.337617176371632144e+06
-5.495495796203613281e+00,-2.796285829105339050e+08,-5.222273519077990204e+06
-5.475475788116455078e+00,-2.675085975412807465e+08,-5.108773093164013699e+06
-5.455455780029296875e+00,-2.557874888792686462e+08,-4.997101349127555266e+06
-5.435435771942138672e+00,-2.444560540487632751e+08,-4.887243521688187495e+06
-5.415415763854980469e+00,-2.335051869648227692e+08,-4.779184638471504673e+06
-5.395395755767822266e+00,-2.229258806680450439e+08,-4.672909528633202426e+06
-5.375375747680664062e+00,-2.127092295461139679e+08,-4.568402831419693306e+06
-5.355355739593505859e+00,-2.028464314428863525e+08,-4.465649004662265070e+06
-5.335335731506347656e+00,-1.933287896557025909e+08,-4.364632333201853558e+06
-5.315315723419189453e+00,-1.841477148217372894e+08,-4.265336937241518870e+06
-5.295295238494873047e+00,-1.752945196741542816e+08,-4.167744476398572326e+06
-5.275275230407714844e+00,-1.667612563060379028e+08,-4.071843414841593709e+06
-5.255255222320556641e+00,-1.585394528646144867e+08,-3.977615083559215534e+06
-5.235235214233398438e+00,-1.506209660259532928e+08,-3.885043026183897164e+06
-5.215215206146240234e+00,-1.429977676067924500e+08,-3.794110662294520531e+06
-5.195195198059082031e+00,-1.356619458061599731e+08,-3.704801295279917773e+06
-5.175175189971923828e+00,-1.286057063436126709e+08,-3.617098120112510864e+06
-5.155155181884765625e+00,-1.218213734955348969e+08,-3.530984231029888615e+06
-5.135135173797607422e+00,-1.153013910308074951e+08,-3.446442629122233950e+06
-5.115115165710449219e+00,-1.090383230473670959e+08,-3.363456229823610745e+06
-5.095095157623291016e+00,-1.030248547111206055e+08,-3.282007870305213146e+06
-5.075075149536132812e+00,-9.725379289881706238e+07,-3.202080316768726334e+06
-5.055055141448974609e+00,-9.171806674642944336e+07,-3.123656271638103761e+06
-5.035035133361816406e+00,-8.641072810479736328e+07,-3.046718380648069084e+06
-5.015015125274658203e+00,-8.132495190409469604e+07,-2.971249239827808924e+06
-4.994995117187500000e+00,-7.645403642898368835e+07,-2.897231402378342114e+06
-4.974975109100341797e+00,-7.179140350619506836e+07,-2.824647385442213155e+06
-4.954955101013183594e+00,-6.733059860630798340e+07,-2.753479676764146890e+06
-4.934935092926025391e+00,-6.306529086167335510e+07,-2.683710741241458338e+06
-4.914915084838867188e+00,-5.898927300225067139e+07,-2.615323027363071684e+06
-4.894895076751708984e+00,-5.509646121140670776e+07,-2.548298973536049947e+06
-4.874875068664550781e+00,-5.138089490349578857e+07,-2.482621014298692346e+06
-4.854855060577392578e+00,-4.783673642528724670e+07,-2.418271586419235449e+06
-4.834835052490234375e+00,-4.445827068315505981e+07,-2.355233134879362769e+06
-4.814815044403076172e+00,-4.123990469810867310e+07,-2.293488118741766550e+06
-4.794795036315917969e+00,-3.817616709068107605e+07,-2.233019016901064664e+06
-4.774775028228759766e+00,-3.526170749766540527e+07,-2.173808333717487752e+06
-4.754755020141601562e+00,-3.249129592289352417e+07,-2.115838604532799684e+06
-4.734735012054443359e+00,-2.985982202397537231e+07,-2.059092401068006409e+06
-4.714715003967285156e+00,-2.736229433723831177e+07,-2.003552336702459026e+06
-4.694694995880126953e+00,-2.499383944285202026e+07,-1.949201071634058608e+06
-4.674674987792968750e+00,-2.274970107230186462e+07,-1.896021317920300877e+06
-4.654654979705810547e+00,-2.062523916028594971e+07,-1.843995844400005182e+06
-4.634634971618652344e+00,-1.861592884319686890e+07,-1.793107481495630927e+06
-4.614614963531494141e+00,-1.671735940620613098e+07,-1.743339125896117184e+06
-4.594594955444335938e+00,-1.492523318114376068e+07,-1.694673745120304171e+06
-4.574574947357177734e+00,-1.323536439725208282e+07,-1.647094381961016916e+06
-4.554554939270019531e+00,-1.164367798688507080e+07,-1.600584158809963381e+06
-4.534534931182861328e+00,-1.014620834826946259e+07,-1.555126281863672193e+06
-4.514514923095703125e+00,-8.739098067417144775e+06,-1.510704045210740762e+06
-4.494494915008544922e+00,-7.418596601213455200e+06,-1.467300834800746758e+06
-4.474474906921386719e+00,-6.181058923797607422e+06,-1.424900132295185467e+06
-4.454454898834228516e+00,-5.022944138234138489e+06,-1.383485518800921738e+06
-4.434434413909912109e+00,-3.940789159534454346e+06,-1.343039726590612438e+06
-4.414414405822753906e+00,-2.931308538305282593e+06,-1.303548472706646426e+06
-4.394394397735595703e+00,-1.991238454472541809e+06,-1.264994683027550811e+06
-4.374374389648437500e+00,-1.117440022483825684e+06,-1.227362371447588550e+06
-4.354354381561279297e+00,-3.068710938653945923e+05,-1.190635668230683077e+06
-4.334334373474121094e+00,4.434152973928451538e+05,-1.154798823051281273e+06
-4.314314365386962891e+00,1.136272510426521301e+06,-1.119836207922336645e+06
-4.294294357299804688e+00,1.774461892133712769e+06,-1.085732320011246949e+06
-4.274274349212646484e+00,2.360654389032363892e+06,-1.052471784344662214e+06
-4.254254341125488281e+00,2.897432174573898315e+06,-1.020039356403082376e+06
-4.234234333038330078e+00,3.387290290045738220e+06,-9.884199246062275488e+05
-4.214214324951171875e+00,3.832638297386169434e+06,-9.575985126902086195e+05
-4.194194316864013672e+00,4.235801942137718201e+06,-9.275602819775438402e+05
-4.174174308776855469e+00,4.599024824890136719e+06,-8.982905335411170963e+05
-4.154154300689697266e+00,4.924470079558372498e+06,-8.697747102632073220e+05
-4.134134292602539062e+00,5.214222056829452515e+06,-8.419983987907506526e+05
-4.114114284515380859e+00,5.470288011282920837e+06,-8.149473313880322967e+05
-4.094094276428222656e+00,5.694599790546417236e+06,-7.886073876880314201e+05
-4.074074268341064453e+00,5.889015525055885315e+06,-7.629645963436714374e+05
-4.054054260253906250e+00,6.055321316926002502e+06,-7.380051365802737419e+05
-4.034034252166748047e+00,6.195232926469802856e+06,-7.137153396505073179e+05
-4.014014244079589844e+00,6.310397455019950867e+06,-6.900816901931855828e+05
-3.993994235992431641e+00,6.402395022686004639e+06,-6.670908274972683284e+05
-3.973974227905273438e+00,6.472740439745903015e+06,-6.447295466724515427e+05
-3.953954219818115234e+00,6.522884870363235474e+06,-6.229847997277493123e+05
-3.933934211730957031e+00,6.554217487453460693e+06,-6.018436965595041402e+05
-3.913914203643798828e+00,6.568067117495536804e+06,-5.812935058502629399e+05
-3.893894195556640625e+00,6.565703874115943909e+06,-5.613216558799850754e+05
-3.873874187469482422e+00,6.548340779376983643e+06,-5.419157352510648780e+05
-3.853854179382324219e+00,6.517135371691703796e+06,-5.230634935286655091e+05
-3.833834171295166016e+00,6.473191299351692200e+06,-5.047528417978722136e+05
-3.813814163208007812e+00,6.417559898677825928e+06,-4.869718531391897704e+05
-3.793793916702270508e+00,6.351240906278610229e+06,-4.697085604751694482e+05
-3.773773908615112305e+00,6.275187291627883911e+06,-4.529517730432749959e+05
-3.753753900527954102e+00,6.190302027976989746e+06,-4.366898433247315697e+05
-3.733733892440795898e+00,6.097442645597457886e+06,-4.209114955594893545e+05
-3.713713884353637695e+00,5.997421991810798645e+06,-4.056056171896635788e+05
-3.693693876266479492e+00,5.891009698797225952e+06,-3.907612588776778430e+05
-3.673673868179321289e+00,5.778933630323410034e+06,-3.763676344536830438e+05
-3.653653860092163086e+00,5.661881306837081909e+06,-3.624141207938425941e+05
-3.633633852005004883e+00,5.540501308263778687e+06,-3.488902576310695149e+05
-3.613613843917846680e+00,5.415404653969764709e+06,-3.357857472998105222e+05
-3.593593835830688477e+00,5.287166159364700317e+06,-3.230904544164714171e+05
-3.573573827743530273e+00,5.156325768644332886e+06,-3.107944054970707512e+05
-3.553553819656372070e+00,5.023389863276481628e+06,-2.988877885137214325e+05
-3.533533811569213867e+00,4.888832545764923096e+06,-2.873609523915241007e+05
-3.513513803482055664e+00,4.753096898365020752e+06,-2.762044064474640181e+05
-3.493493795394897461e+00,4.616596216416358948e+06,-2.654088197728972882e+05
-3.473473787307739258e+00,4.479715215970993042e+06,-2.549650205611957936e+05
-3.453453779220581055e+00,4.342811215496063232e+06,-2.448639953821405070e+05
-3.433433771133422852e+00,4.206215291428565979e+06,-2.350968884046206949e+05
-3.413413763046264648e+00,4.070233407333374023e+06,-2.256550005691989791e+05
-3.393393754959106445e+00,3.935147516613960266e+06,-2.165297887121085078e+05
-3.373373508453369141e+00,3.801215051420211792e+06,-2.077127614442155464e+05
-3.353353500366210938e+00,3.668676338489532471e+06,-1.991958944993973710e+05
-3.333333492279052734e+00,3.537746047609329224e+06,-1.909709998639652040e+05
-3.313313484191894531e+00,3.408620584557533264e+06,-1.830301482809284935e+05
-3.293293476104736328e+00,3.281477457785606384e+06,-1.753655613340309355e+05
-3.273273468017578125e+00,3.156476220677375793e+06,-1.679696103123932844e+05
-3.253253459930419922e+00,3.033759387118339539e+06,-1.608348150371884694e+05
-3.233233451843261719e+00,2.913453320497512817e+06,-1.539538426518047927e+05
-3.213213443756103516e+00,2.795669096200942993e+06,-1.473195063769605476e+05
-3.193193435668945312e+00,2.680503337792396545e+06,-1.409247642322049942e+05
-3.173173427581787109e+00,2.568039027011871338e+06,-1.347627177252328256e+05
-3.153153419494628906e+00,2.458346287806510925e+06,-1.288266105104221497e+05
-3.133133411407470703e+00,2.351483144598960876e+06,-1.231098270179892424e+05
-3.113113403320312500e+00,2.247496255034446716e+06,-1.176058910551412264e+05
-3.093093395233154297e+00,2.146421617450714111e+06,-1.123084643805855885e+05
-3.073073387145996094e+00,2.048285253378868103e+06,-1.072113452537428821e+05
-3.053053379058837891e+00,1.953103865344047546e+06,-1.023084669599924237e+05
-3.033033370971679688e+00,1.860885470289230347e+06,-9.759389631325774826e+04
-3.013013362884521484e+00,1.771630008962631226e+06,-9.306183213722321671e+04
-2.992993354797363281e+00,1.685329931621551514e+06,-8.870660372646234464e+04
-2.972973346710205078e+00,1.601970760389328003e+06,-8.452266928872233257e+04
-2.952953338623046875e+00,1.521531628697395325e+06,-8.050461436961055733e+04
-2.932933092117309570e+00,1.443984891761779785e+06,-7.664710525791964028e+04
-2.912913084030151367e+00,1.369300280725479126e+06,-7.294506921133666765e+04
-2.892893075942993164e+00,1.297439835287094116e+06,-6.939341729625861626e+04
-2.872873067855834961e+00,1.228362083411216736e+06,-6.598722834812942892e+04
-2.852853059768676758e+00,1.162021531532287598e+06,-6.272170044151414186e+04
-2.832833051681518555e+00,1.098369074975013733e+06,-5.959214923402830027e+04
-2.812813043594360352e+00,1.037352388444900513e+06,-5.659400630076241214e+04
-2.792793035507202148e+00,9.789162970161437988e+05,-5.372281746027932968e+04
-2.772773027420043945e+00,9.230031281147003174e+05,-5.097424109323939774e+04
-2.752753019332885742e+00,8.695530449457168579e+05,-4.834404645468469243e+04
-2.732733011245727539e+00,8.185043618726730347e+05,-4.582811198099772446e+04
-2.712713003158569336e+00,7.697938422212600708e+05,-4.342242359252541792e+04
-2.692692995071411133e+00,7.233569789896011353e+05,-4.112307299283950124e+04
-2.672672986984252930e+00,6.791282589797973633e+05,-3.892625596558226971e+04
-2.652652978897094727e+00,6.370414108200073242e+05,-3.682827066982333781e+04
-2.632632970809936523e+00,5.970296373767852783e+05,-3.482551593483961187e+04
-2.612612962722778320e+00,5.590258330812454224e+05,-3.291448955519794254e+04
-2.592592954635620117e+00,5.229627866125106812e+05,-3.109178658700862434e+04
-2.572572946548461914e+00,4.887733694763183594e+05,-2.935409764619101770e+04
-2.552552938461303711e+00,4.563907109546661377e+05,-2.769820720957143931e+04
-2.532532930374145508e+00,4.257483599100112915e+05,-2.612099191961763427e+04
-2.512512683868408203e+00,3.967800986709594727e+05,-2.461940144997218158e+04
-2.492492675781250000e+00,3.694214398784637451e+05,-2.319052744279912440e+04
-2.472472667694091797e+00,3.436076830730438232e+05,-2.183149458808312193e+04
-2.452452659606933594e+00,3.192754277210235596e+05,-2.053953133870125748e+04
-2.432432651519775391e+00,2.963623217449188232e+05,-1.931194991786015453e+04
-2.412412643432617188e+00,2.748071545782089233e+05,-1.814614466125972103e+04
-2.392392635345458984e+00,2.545499404077529907e+05,-1.703959036790416576e+04
-2.372372627258300781e+00,2.355319920454025269e+05,-1.598984066019498277e+04
-2.352352619171142578e+00,2.176959858684539795e+05,-1.499452635391772492e+04
-2.332332611083984375e+00,2.009860182838439941e+05,-1.405135383871628437e+04
-2.312312602996826172e+00,1.853476541204452515e+05,-1.315810346962668700e+04
-2.292292594909667969e+00,1.707279673910140991e+05,-1.231262797022517771e+04
-2.272272586822509766e+00,1.570755748310089111e+05,-1.151285084791982081e+04
-2.252252578735351562e+00,1.443406626157760620e+05,-1.075676482190540992e+04
-2.232232570648193359e+00,1.324750066471099854e+05,-1.004243026426970027e+04
-2.212212562561035156e+00,1.214319868106842041e+05,-9.367973654730594717e+03
-2.192192554473876953e+00,1.111665955629348755e+05,-8.731586049459641799e+03
-2.172172546386718750e+00,1.016354412221908569e+05,-8.131521564426599070e+03
-2.152152538299560547e+00,9.279674631690979004e+04,-7.566095873689220753e+03
-2.132132530212402344e+00,8.461034135246276855e+04,-7.033684723023441620e+03
-2.112112522125244141e+00,7.703765429687500000e+04,-6.532722459281503689e+03
-2.092092275619506836e+00,7.004161613082885742e+04,-6.061695138892333489e+03
-2.072072267532348633e+00,6.358696912956237793e+04,-5.619161168356426060e+03
-2.052052259445190430e+00,5.763974622917175293e+04,-5.203716252408688888e+03
-2.032032251358032227e+00,5.216758627128601074e+04,-4.814014763306884561e+03
-2.012012243270874023e+00,4.713962019824981689e+04,-4.448762569191982038e+03
-1.991992235183715820e+00,4.252644145965576172e+04,-4.106715664851304609e+03
-1.971972227096557617e+00,3.830007421207427979e+04,-3.786678820397937670e+03
-1.951952219009399414e+00,3.443393957710266113e+04,-3.487504248113487847e+03
-1.931932210922241211e+00,3.090282016372680664e+04,-3.208090287686674856e+03
-1.911912202835083008e+00,2.768282312774658203e+04,-2.947380110058700666e+03
-1.891892194747924805e+00,2.475134193515777588e+04,-2.704360440079821274e+03
-1.871872186660766602e+00,2.208701709842681885e+04,-2.478060298156808130e+03
-1.851852178573608398e+00,1.966969601488113403e+04,-2.267549761064874474e+03
-1.831832170486450195e+00,1.748039215660095215e+04,-2.071938742076337803e+03
-1.811812162399291992e+00,1.550124374198913574e+04,-1.890375790547928773e+03
-1.791792154312133789e+00,1.371547208499908447e+04,-1.722046911092998926e+03
-1.771772027015686035e+00,1.210733067893981934e+04,-1.566173509903426748e+03
-1.751752018928527832e+00,1.066210056877136230e+04,-1.422014891219558194e+03
-1.731732010841369629e+00,9.365991273880004883e+03,-1.288861573645786848e+03
-1.711712002754211426e+00,8.206138515949249268e+03,-1.166037970107805450e+03
-1.691691994667053223e+00,7.170552954673767090e+03,-1.052900341900996864e+03
-1.671671986579895020e+00,6.248079486846923828e+03,-9.488357372793252580e+02
-1.651651978492736816e+00,5.428357092857360840e+03,-8.532609501449624076e+02
-1.631631970405578613e+00,4.701779346942901611e+03,-7.656214988611754961e+02
-1.611611962318420410e+00,4.059455668449401855e+03,-6.853906252030865289e+02
-1.591591954231262207e+00,3.493173374652862549e+03,-6.120683134450810030e+02
-1.571571946144104004e+00,2.995360639572143555e+03,-5.451803295758145396e+02
-1.551551818847656250e+00,2.559047942161560059e+03,-4.842769349336449523e+02
-1.531531810760498047e+00,2.177842984199523926e+03,-4.289333802257897332e+02
-1.511511802673339844e+00,1.845881079673767090e+03,-3.787468328659597319e+02
-1.491491794586181641e+00,1.557802886486053467e+03,-3.333369795603211969e+02
-1.471471786499023438e+00,1.308719750404357910e+03,-2.923447856015991420e+02
-1.451451778411865234e+00,1.094182990074157715e+03,-2.554316540413710754e+02
-1.431431770324707031e+00,9.101543231010437012e+02,-2.222786046288092621e+02
-1.411411762237548828e+00,7.529774808883666992e+02,-1.925854724251548760e+02
-1.391391754150390625e+00,6.193510289192199707e+02,-1.660701259954075795e+02
-1.371371746063232422e+00,5.063023557662963867e+02,-1.424677050700120162e+02
-1.351351737976074219e+00,4.111628813743591309e+02,-1.215298775606206618e+02
-1.331331610679626465e+00,3.315440149307250977e+02,-1.030240124154370278e+02
-1.311311602592468262e+00,2.653165335655212402e+02,-8.673290109573281370e+01
-1.291291594505310059e+00,2.105865154266357422e+02,-7.245341266278410330e+01
-1.271271586418151855e+00,1.656772136688232422e+02,-5.999628057825611904e+01
-1.251251578330993652e+00,1.291095881462097168e+02,-4.918533726988243870e+01
-1.231231570243835449e+00,9.958447742462158203e+01,-3.985688440536614507e+01
-1.211211562156677246e+00,7.596585321426391602e+01,-3.185908149683382362e+01
-1.191191554069519043e+00,5.726514387130737305e+01,-2.505135266148135997e+01
-1.171171545982360840e+00,4.262660217285156250e+01,-1.930381135782226920e+01
-1.151151537895202637e+00,3.131366825103759766e+01,-1.449670291075017303e+01
-1.131131410598754883e+00,2.269626998901367188e+01,-1.051984322071075439e+01
-1.111111402511596680e+00,1.623928546905517578e+01,-7.272185994690516964e+00
-1.091091394424438477e+00,1.149143075942993164e+01,-4.661176281137159094e+00
-1.071071386337280273e+00,8.075508594512939453e+00,-2.602361097349785268e+00
-1.051051378250122070e+00,5.679239273071289062e+00,-1.018891854007961228e+00
-1.031031370162963867e+00,4.046915054321289062e+00,1.589306195673998445e-01
-1.011011362075805664e+00,2.971816062927246094e+00,9.940947236318606883e-01
-9.909913539886474609e-01,2.289342880249023438e+00,1.543300634308252484e+00
-9.709712862968444824e-01,1.870800018310546875e+00,1.857367615040857345e+00
-9.509512782096862793e-01,1.617845058441162109e+00,1.981622038525529206e+00
-9.309312701225280762e-01,1.457499980926513672e+00,1.956278455705614761e+00
-9.109112620353698730e-01,1.337743759155273438e+00,1.816795840801205486e+00
-8.908912539482116699e-01,1.223603725433349609e+00,1.594224474072689191e+00
-8.708711862564086914e-01,1.093744277954101562e+00,1.315536030742805451e+00
-8.508511781692504883e-01,9.374918937683105469e-01,1.003943663352401927e+00
-8.308311700820922852e-01,7.522673606872558594e-01,6.791993834776803851e-01
-8.108111619949340820e-01,5.414028167724609375e-01,3.578858990513253957e-01
-7.907911539077758789e-01,3.122892379760742188e-01,5.369085169513709843e-02
-7.707711458206176758e-01,7.484340667724609375e-02,-2.223315189476124942e-01
-7.507510781288146973e-01,-1.597490310668945312e-01,-4.615124249539803714e-01
-7.307310700416564941e-01,-3.800420761108398438e-01,-6.573299793526530266e-01
-7.107110619544982910e-01,-5.751166343688964844e-01,-8.051901985309086740e-01
-6.906910538673400879e-01,-7.351651191711425781e-01,-9.022129534278064966e-01
-6.706710457801818848e-01,-8.519129753112792969e-01,-9.470336321392096579e-01
-6.506509780883789062e-01,-9.188923835754394531e-01,-9.396156048169359565e-01
-6.306309700012207031e-01,-9.315843582153320312e-01,-8.810744232032448053e-01
-6.106109619140625000e-01,-8.874578475952148438e-01,-7.735127382911741734e-01
-5.905909538269042969e-01,-7.859320640563964844e-01,-6.198661046801134944e-01
-5.705709457397460938e-01,-6.282534599304199219e-01,-4.237594318692572415e-01
-5.505509376525878906e-01,-4.173316955566406250e-01,-1.893736137135419995e-01
-5.305308699607849121e-01,-1.575298309326171875e-01,7.867874309886246920e-02
-5.105108618736267090e-01,1.455669403076171875e-01,3.754638041136786342e-01
-4.904908537864685059e-01,4.854049682617187500e-01,6.958357444964349270e-01
-4.704708456993103027e-01,8.547143936157226562e-01,1.034529010590631515e+00
-4.504508078098297119e-01,1.245766162872314453e+00,1.386246210779063404e+00
-4.304307997226715088e-01,1.650609970092773438e+00,1.745734149299096316e+00
-4.104107618331909180e-01,2.061303615570068359e+00,2.107857503113336861e+00
-3.903907537460327148e-01,2.470120906829833984e+00,2.467656699998769909e+00
-3.703707456588745117e-01,2.869730949401855469e+00,2.820406239246949553e+00
-3.503507077693939209e-01,3.253358840942382812e+00,3.161660327517893165e+00
-3.303306996822357178e-01,3.614906311035156250e+00,3.487291741534136236e+00
-3.103106617927551270e-01,3.949057102203369141e+00,3.793529008486075327e+00
-2.902906537055969238e-01,4.251337051391601562e+00,4.076979883015155792e+00
-2.702706456184387207e-01,4.518168449401855469e+00,4.334655885642860085e+00
-2.502506077289581299e-01,4.746870040893554688e+00,4.563986292982008308e+00
-2.302305996417999268e-01,4.935654163360595703e+00,4.762827372265746817e+00
-2.102105766534805298e-01,5.083594799041748047e+00,4.929469491296913475e+00
-1.901905536651611328e-01,5.190567016601562500e+00,5.062635430862428620e+00
-1.701705455780029297e-01,5.257184028625488281e+00,5.161476699344348162e+00
-1.501505225896835327e-01,5.284713745117187500e+00,5.225564990629209206e+00
-1.301304996013641357e-01,5.274976253509521484e+00,5.254879167652688920e+00
-1.101104840636253357e-01,5.230257987976074219e+00,5.249789395078551024e+00
-9.009046852588653564e-02,5.153197288513183594e+00,5.211037541448604316e+00
-7.007044553756713867e-02,5.046685218811035156e+00,5.139714595017721877e+00
-5.005042627453804016e-02,4.913762092590332031e+00,5.037235543248243630e+00
-3.003040701150894165e-02,4.757529258728027344e+00,4.905311625654576346e+00
-1.001038774847984314e-02,4.581054687500000000e+00,4.745920639339601621e+00
1.001038774847984314e-02,4.387296199798583984e+00,4.561267958721145988e+00
3.003040701150894165e-02,4.179061889648437500e+00,4.353782359627075493e+00
5.005042627453804016e-02,3.958925247192382812e+00,4.126039785944158211e+00
7.007044553756713867e-02,3.729207515716552734e+00,3.880755249905632809e+00
9.009046852588653564e-02,3.491960525512695312e+00,3.620740526937879622e+00
1.101104840636253357e-01,3.248960018157958984e+00,3.348868360539199784e+00
1.301304996013641357e-01,3.001708984375000000e+00,3.068035977776162326e+00
1.501505225896835327e-01,2.751470565795898438e+00,2.781129576615057886e+00
1.701705455780029297e-01,2.499292373657226562e+00,2.490989405137952417e+00
1.901905536651611328e-01,2.246060371398925781e+00,2.200375405023805797e+00
2.102105766534805298e-01,1.992544174194335938e+00,1.911933381692506373e+00
2.302305996417999268e-01,1.739460945129394531e+00,1.628164721041684970e+00
2.502506077289581299e-01,1.487525939941406250e+00,1.351395917736226693e+00
2.702706456184387207e-01,1.237513542175292969e+00,1.083750040561426431e+00
2.902906537055969238e-01,9.903068542480468750e-01,8.271235724096186459e-01
3.103106617927551270e-01,7.469444274902343750e-01,5.831610801978968084e-01
3.303306996822357178e-01,5.086450576782226562e-01,3.532367150182835758e-01
3.503507077693939209e-01,2.768230438232421875e-01,1.384386067220475525e-01
3.703707456588745117e-01,5.309104919433593750e-02,-6.044650511466898024e-02
3.903907537460327148e-01,-1.607646942138671875e-01,-2.429399429820477962e-01
4.104107618331909180e-01,-3.628425598144531250e-01,-4.088783558108843863e-01
4.304307997226715088e-01,-5.511808395385742188e-01,-5.584134811069816351e-01
4.504508078098297119e-01,-7.238597869873046875e-01,-6.920076922397129238e-01
4.704708456993103027e-01,-8.791112899780273438e-01,-8.104266669251956046e-01
4.904908537864685059e-01,-1.015460968017578125e+00,-9.147237432189285755e-01
5.105108618736267090e-01,-1.131872177124023438e+00,-1.006221668794751167e+00
5.305308699607849121e-01,-1.227906227111816406e+00,-1.086486564483493567e+00
5.505509376525878906e-01,-1.303879737854003906e+00,-1.157296955556375906e+00
5.705709457397460938e-01,-1.361007690429687500e+00,-1.220605286565842107e+00
5.905909538269042969e-01,-1.401529312133789062e+00,-1.278494918922660872e+00
6.106109619140625000e-01,-1.428779602050781250e+00,-1.333128149737603962e+00
6.306309700012207031e-01,-1.447212219238281250e+00,-1.386688196507748216e+00
6.506509780883789062e-01,-1.462308883666992188e+00,-1.441313567687757313e+00
6.706710457801818848e-01,-1.480408668518066406e+00,-1.499024959659436718e+00
6.906910538673400879e-01,-1.508355140686035156e+00,-1.561643365654163063e+00
7.107110619544982910e-01,-1.552969932556152344e+00,-1.630701730609871447e+00
7.307310700416564941e-01,-1.620298385620117188e+00,-1.707346482726279646e+00
7.507510781288146973e-01,-1.714562416076660156e+00,-1.792231219558743760e+00
7.707711458206176758e-01,-1.836791038513183594e+00,-1.885401580657344311e+00
7.907911539077758789e-01,-1.983046531677246094e+00,-1.986169510375475511e+00
8.108111619949340820e-01,-2.142182350158691406e+00,-2.092980891320621595e+00
8.308311700820922852e-01,-2.293063163757324219e+00,-2.203270748374052346e+00
8.508511781692504883e-01,-2.401162147521972656e+00,-2.313309886201750487e+00
8.708711862564086914e-01,-2.414415359497070312e+00,-2.418041104043368250e+00
8.908912539482116699e-01,-2.258295059204101562e+00,-2.510905268922215328e+00
9.109112620353698730e-01,-1.829905509948730469e+00,-2.583655434398679063e+00
9.309312701225280762e-01,-9.910564422607421875e-01,-2.626162875851150602e+00
9.509512782096862793e-01,4.398508071899414062e-01,-2.626209183625178412e+00
9.709712862968444824e-01,2.697288513183593750e+00,-2.569268513470888138e+00
9.909913539886474609e-01,6.079528808593750000e+00,-2.438277495093643665e+00
1.011011362075805664e+00,1.096117973327636719e+01,-2.213395682396367192e+00
1.031031370162963867e+00,1.780764865875244141e+01,-1.871750032267300412e+00
1.051051378250122070e+00,2.719151878356933594e+01,-1.387170747329946607e+00
1.071071386337280273e+00,3.981119251251220703e+01,-7.299132021726109087e-01
1.091091394424438477e+00,5.651197433471679688e+01,1.336324299918487668e-01
1.111111402511596680e+00,7.830981159210205078e+01,1.241244319826364517e+00
1.131131410598754883e+00,1.064179725646972656e+02,2.635185085091507062e+00
1.151151537895202637e+00,1.422771348953247070e+02,4.362542423332342878e+00
1.171171545982360840e+00,1.875878200531005859e+02,6.475528646435122937e+00
1.191191554069519043e+00,2.443487386703491211e+02,9.031898031680611894e+00
1.211211562156677246e+00,3.148971538543701172e+02,1.209527779999189079e+01
1.231231570243835449e+00,4.019546537399291992e+02,1.573556101234862581e+01
1.251251578330993652e+00,5.086774682998657227e+02,2.002930424848455004e+01
1.271271586418151855e+00,6.387119445800781250e+02,2.506013947143219411e+01
1.291291594505310059e+00,7.962555160522460938e+02,3.091920023309648968e+01
1.311311602592468262e+00,9.861236057281494141e+02,3.770556236957781948e+01
1.331331610679626465e+00,1.213822877883911133e+03,4.552669933260767721e+01
1.351351737976074219e+00,1.485633064270019531e+03,5.449900939044891857e+01
1.371371746063232422e+00,1.808687547683715820e+03,6.474808024466619827e+01
1.391391754150390625e+00,2.191078110694885254e+03,7.640950850429362617e+01
1.411411762237548828e+00,2.641952106475830078e+03,8.962920886912615970e+01
1.431431770324707031e+00,3.171626121520996094e+03,1.045639944693248253e+02
1.451451778411865234e+00,3.791707489013671875e+03,1.213821227023436222e+02
1.471471786499023438e+00,4.515225753784179688e+03,1.402638565446250141e+02
1.491491794586181641e+00,5.356774708747863770e+03,1.614020414336700924e+02
1.511511802673339844e+00,6.332665545463562012e+03,1.850026978066307493e+02
1.531531810760498047e+00,7.461091882705688477e+03,2.112856293761869892e+02
1.551551818847656250e+00,8.762307268142700195e+03,2.404850472168182023e+02
1.571571946144104004e+00,1.025882537555694580e+04,2.728504123870225158e+02
1.591591954231262207e+00,1.197558786582946777e+04,3.086463024248951115e+02
1.611611962318420410e+00,1.394023686981201172e+04,3.481542371727118734e+02
1.631631970405578613e+00,1.618331534957885742e+04,3.916726164301217068e+02
1.651651978492736816e+00,1.873852630805969238e+04,4.395176069503359031e+02
1.671671986579895020e+00,2.164300072956085205e+04,4.920238624799239915e+02
1.691691994667053223e+00,2.493758338928222656e+04,5.495452598985866643e+02
1.711712002754211426e+00,2.866713742256164551e+04,6.124556514644646086e+02
1.731732010841369629e+00,3.288086853218078613e+04,6.811496331662929151e+02
1.751752018928527832e+00,3.763266973495483398e+04,7.560433291695371736e+02
1.771772027015686035e+00,4.298148760986328125e+04,8.375751923384668771e+02
1.791792154312133789e+00,4.899174889850616455e+04,9.262073706515075173e+02
1.811812162399291992e+00,5.573362564945220947e+04,1.022424387048580684e+03
1.831832170486450195e+00,6.328368590354919434e+04,1.126737150178232696e+03
1.851852178573608398e+00,7.172521702289581299e+04,1.239681753351760563e+03
1.871872186660766602e+00,8.114874804210662842e+04,1.361820860955282114e+03
1.891892194747924805e+00,9.165256589221954346e+04,1.493744604462350253e+03
1.911912202835083008e+00,1.033432603111267090e+05,1.636071494105446618e+03
1.931932210922241211e+00,1.163362986011505127e+05,1.789449346106732264e+03
1.951952219009399414e+00,1.307566313352584839e+05,1.954556225352629554e+03
1.971972227096557617e+00,1.467393301830291748e+05,2.132101403392967768e+03
1.991992235183715820e+00,1.644302590456008911e+05,2.322826331624935847e+03
2.012012243270874023e+00,1.839867796669006348e+05,2.527505629517952912e+03
2.032032251358032227e+00,2.055784929533004761e+05,2.746948087720258627e+03
2.052052259445190430e+00,2.293880172300338745e+05,2.981997685876034666e+03
2.072072267532348633e+00,2.556118046607971191e+05,3.233534624970925506e+03
2.092092275619506836e+00,2.844609970941543579e+05,3.502476374010031577e+03
2.112112522125244141e+00,3.161627181034088135e+05,3.789782265549874865e+03
2.132132530212402344e+00,3.509594680433273315e+05,4.096440668085590005e+03
2.152152538299560547e+00,3.891123667230606079e+05,4.423490585598745383e+03
2.172172546386718750e+00,4.309007069168090820e+05,4.772009305571147706e+03
2.192192554473876953e+00,4.766233867425918579e+05,5.143116824178374372e+03
2.212212562561035156e+00,5.266000291967391968e+05,5.537976974148652516e+03
2.232232570648193359e+00,5.811721502323150635e+05,5.957798565226665232e+03
2.252252578735351562e+00,6.407043766956329346e+05,6.403836536940361839e+03
2.272272586822509766e+00,7.055857155208587646e+05,6.877393123357440345e+03
2.292292594909667969e+00,7.762308754148483276e+05,7.379819029501406476e+03
2.312312602996826172e+00,8.530816424846649170e+05,7.912514619084133301e+03
2.332332611083984375e+00,9.366083110399246216e+05,8.476931113200436812e+03
2.352352619171142578e+00,1.027311170984268188e+06,9.074571799606957939e+03
2.372372627258300781e+00,1.125722053050994873e+06,9.706993252205080353e+03
2.392392635345458984e+00,1.232405933264732361e+06,1.037580656032141997e+04
2.412412643432617188e+00,1.347962597905158997e+06,1.108267856737179682e+04
2.432432651519775391e+00,1.473028370258331299e+06,1.182933311847760342e+04
2.452452659606933594e+00,1.608277900515556335e+06,1.261755231658479897e+04
2.472472667694091797e+00,1.754426019980430603e+06,1.344917778662766796e+04
2.492492675781250000e+00,1.912229660957336426e+06,1.432611194725631503e+04
2.512512683868408203e+00,2.082489843467712402e+06,1.525031928963656537e+04
2.532532930374145508e+00,2.266055998872756958e+06,1.622383955814887304e+04
2.552552938461303711e+00,2.463819193418502808e+06,1.724874208521860419e+04
2.572572946548461914e+00,2.676727423219680786e+06,1.832719661202788120e+04
2.592592954635620117e+00,2.905779306598663330e+06,1.946142883192561567e+04
2.612612962722778320e+00,3.152028528032302856e+06,2.065373299252119614e+04
2.632632970809936523e+00,3.416586250778198242e+06,2.190647320568375289e+04
2.652652978897094727e+00,3.700623604297637939e+06,2.322208476072142366e+04
2.672672986984252930e+00,4.005374247529983521e+06,2.460307544011913706e+04
2.692692995071411133e+00,4.332137008975982666e+06,2.605202683720149798e+04
2.712713003158569336e+00,4.682278604490280151e+06,2.757159567506663734e+04
2.732733011245727539e+00,5.057236433719635010e+06,2.916451512612239458e+04
2.752753019332885742e+00,5.458521455966949463e+06,3.083359613154252293e+04
2.772773027420043945e+00,5.887721146305084229e+06,3.258172871994093293e+04
2.792793035507202148e+00,6.346502532663345337e+06,3.441188332454831107e+04
2.812813043594360352e+00,6.836615314575195312e+06,3.632711209815653274e+04
2.832833051681518555e+00,7.359895064203262329e+06,3.833055022508604452e+04
2.852853059768676758e+00,7.918266510202407837e+06,4.042541722940804902e+04
2.872873067855834961e+00,8.513746904943466187e+06,4.261501827864162624e+04
2.892893075942993164e+00,9.148449475509643555e+06,4.490274548213143134e+04
2.912913084030151367e+00,9.824586958862304688e+06,4.729207918329269160e+04
2.932933092117309570e+00,1.054447522144317627e+07,4.978658924489351921e+04
2.952953338623046875e+00,1.131054637142944336e+07,5.238996799272031058e+04
2.972973346710205078e+00,1.212531551171112061e+07,5.510590618320752401e+04
2.992993354797363281e+00,1.299143930701446533e+07,5.793828021554043517e+04
3.013013362884521484e+00,1.391168403486251831e+07,6.089103071482712403e+04
3.033033370971679688e+00,1.488893847253799438e+07,6.396819411750452127e+04
3.053053379058837891e+00,1.592621802553176880e+07,6.717390389661642257e+04
3.073073387145996094e+00,1.702666894033050537e+07,7.051239177390898112e+04
3.093093395233154297e+00,1.819357260127258301e+07,7.398798891779594123e+04
3.113113403320312500e+00,1.943034991098213196e+07,7.760512712623446714e+04
3.133133411407470703e+00,2.074056575384902954e+07,8.136833999353181571e+04
3.153153419494628906e+00,2.212793354191398621e+07,8.528226406009378843e+04
3.173173427581787109e+00,2.359631984247016907e+07,8.935163994411588646e+04
3.193193435668945312e+00,2.514974908642959595e+07,9.358131345419480931e+04
3.213213443756103516e+00,2.679240835663414001e+07,9.797623668183665723e+04
3.233233451843261719e+00,2.852865225498580933e+07,1.025414690728166606e+05
3.253253459930419922e+00,3.036300784725379944e+07,1.072821784763376927e+05
3.273273468017578125e+00,3.230017968430328369e+07,1.122036421709228307e+05
3.293293476104736328e+00,3.434505489832115173e+07,1.173112478659638437e+05
3.313313484191894531e+00,3.650270837260818481e+07,1.226104946778344456e+05
3.333333492279052734e+00,3.877840798324012756e+07,1.281069940794761060e+05
3.353353500366210938e+00,4.117761991092872620e+07,1.338064708223375492e+05
3.373373508453369141e+00,4.370601402118301392e+07,1.397147638295568759e+05
3.393393754959106445e+00,4.636950185818290710e+07,1.458379012817498296e+05
3.413413763046264648e+00,4.917411368434524536e+07,1.521818072258711327e+05
3.433433771133422852e+00,5.212619425915145874e+07,1.587527397848850815e+05
3.453453779220581055e+00,5.523228328641700745e+07,1.655570028869662201e+05
3.473473787307739258e+00,5.849915200695037842e+07,1.726010186266475357e+05
3.493493795394897461e+00,6.193380894278907776e+07,1.798913279614197090e+05
3.513513803482055664e+00,6.554350569321060181e+07,1.874345913714973722e+05
3.533533811569213867e+00,6.933574277976989746e+07,1.952375894815608626e+05
3.553553819656372070e+00,7.331827553728103638e+07,2.033072236432915088e+05
3.573573827743530273e+00,7.749912004762458801e+07,2.116505164775059093e+05
3.593593835830688477e+00,8.188655911314201355e+07,2.202746123746940866e+05
3.613613843917846680e+00,8.648914826618003845e+07,2.291867779527605744e+05
3.633633852005004883e+00,9.131572181125450134e+07,2.383944024707615608e+05
3.653653860092163086e+00,9.637539889621543884e+07,2.479049981974414550e+05
3.673673868179321289e+00,1.016775896085224152e+08,2.577262007333516376e+05
3.693693876266479492e+00,1.072320010927543640e+08,2.678657692853490589e+05
3.713713884353637695e+00,1.130486436852989197e+08,2.783315868922640802e+05
3.733733892440795898e+00,1.191378370618839264e+08,2.891316606005316135e+05
3.753753900527954102e+00,1.255102163938369751e+08,3.002741215885760030e+05
3.773773908615112305e+00,1.321767385083427429e+08,3.117672252387448680e+05
3.793793916702270508e+00,1.391486880482978821e+08,3.236193511555918958e+05
3.813814163208007812e+00,1.464377723666725159e+08,3.358391508759193821e+05
3.833834171295166016e+00,1.540557767026519775e+08,3.484349613212130498e+05
3.853854179382324219e+00,1.620150909261817932e+08,3.614156776379449293e+05
3.873874187469482422e+00,1.703283723671894073e+08,3.747901753888820531e+05
3.893894195556640625e+00,1.790086367928733826e+08,3.885674536038310034e+05
3.913914203643798828e+00,1.880692644605216980e+08,4.027566344510071212e+05
3.933934211730957031e+00,1.975240061341228485e+08,4.173669628464819398e+05
3.953954219818115234e+00,2.073869890588912964e+08,4.324078060005509760e+05
3.973974227905273438e+00,2.176727228881149292e+08,4.478886528998841532e+05
3.993994235992431641e+00,2.283961055564422607e+08,4.638191137243304402e+05
4.014014244079589844e+00,2.395724290936088562e+08,4.802089191972534172e+05
4.034034252166748047e+00,2.512173853725280762e+08,4.970679198682974093e+05
4.054054260253906250e+00,2.633470717855644226e+08,5.144060853274926776e+05
4.074074268341064453e+00,2.759779968426856995e+08,5.322335033496232936e+05
4.094094276428222656e+00,2.891270856850814819e+08,5.505603789677931927e+05
4.114114284515380859e+00,3.028116855077209473e+08,5.693970334751536138e+05
4.134134292602539062e+00,3.170495708843345642e+08,5.887539033537658397e+05
4.154154300689697266e+00,3.318589489880065918e+08,6.086415391295836307e+05
4.174174308776855469e+00,3.472584647007331848e+08,6.290706041525804903e+05
4.194194316864013672e+00,3.632672056049232483e+08,6.500518733010475989e+05
4.214214324951171875e+00,3.799047068500595093e+08,6.715962316091204993e+05
4.234234333038330078e+00,3.971909558873748779e+08,6.937146728166129906e+05
4.254254341125488281e+00,4.151463970654792786e+08,7.164182978402611334e+05
4.274274349212646484e+00,4.337919360798301697e+08,7.397183131655042525e+05
4.294294357299804688e+00,4.531489442687530518e+08,7.636260291579565965e+05
4.314314365386962891e+00,4.732392627486991882e+08,7.881528582937465981e+05
4.334334373474121094e+00,4.940852063815383911e+08,8.133103133079402614e+05
4.354354381561279297e+00,5.157095675663909912e+08,8.391100052602773067e+05
4.374374389648437500e+00,5.381356198485641479e+08,8.655636415174901485e+05
4.394394397735595703e+00,5.613871213381958008e+08,8.926830236515125725e+05
4.414414405822753906e+00,5.854883179310913086e+08,9.204800452528926544e+05
4.434434413909912109e+00,6.104639463242149353e+08,9.489666896587915253e+05
4.454454898834228516e+00,6.363398640343399048e+08,9.781557312566973269e+05
4.474474906921386719e+00,6.631405654672775269e+08,1.008057935540754348e+06
4.494494915008544922e+00,6.908928811452445984e+08,1.038686227399198571e+06
4.514514923095703125e+00,7.196235367658462524e+08,1.070052924708746141e+06
4.534534931182861328e+00,7.493597605611305237e+08,1.102170422431534156e+06
4.554554939270019531e+00,7.801292849225082397e+08,1.135051189819233492e+06
4.574574947357177734e+00,8.119603477675552368e+08,1.168707767528313445e+06
4.594594955444335938e+00,8.448816936411209106e+08,1.203152764646122465e+06
4.614614963531494141e+00,8.789225745433616638e+08,1.238398855627499986e+06
4.634634971618652344e+00,9.141127504772262573e+08,1.274458777141671395e+06
4.654654979705810547e+00,9.504824897080764771e+08,1.311345324829224963e+06
4.674674987792968750e+00,9.880625687280120850e+08,1.349071349969021976e+06
4.694694995880126953e+00,1.026884271917831421e+09,1.387649756054922007e+06
4.714715003967285156e+00,1.066979390899261475e+09,1.427093495282267220e+06
4.734735012054443359e+00,1.108380223570381165e+09,1.467415564944122918e+06
4.754755020141601562e+00,1.151119572817367554e+09,1.508629003737285733e+06
4.774775028228759766e+00,1.195230744895412445e+09,1.550746887978177983e+06
4.794795036315917969e+00,1.240747547472133636e+09,1.593782327728745295e+06
4.814815044403076172e+00,1.287704287326694489e+09,1.637748462832553778e+06
4.834835052490234375e+00,1.336135767698017120e+09,1.682658458861334948e+06
4.854855060577392578e+00,1.386077285275672913e+09,1.728525502972273389e+06
4.874875068664550781e+00,1.437564626826972961e+09,1.775362799676382216e+06
4.894895076751708984e+00,1.490634065454162598e+09,1.823183566518386593e+06
4.914915084838867188e+00,1.545322356475635529e+09,1.872001029668570962e+06
4.934935092926025391e+00,1.601666732925128937e+09,1.921828419427111512e+06
4.954955101013183594e+00,1.659704900663341522e+09,1.972678965641473187e+06
4.974975109100341797e+00,1.719475033096286774e+09,2.024565893037508940e+06
4.994995117187500000e+00,1.781015765494956970e+09,2.077502416464957176e+06
5.015015125274658203e+00,1.844366188911163330e+09,2.131501736058088951e+06
5.035035133361816406e+00,1.909565843684474945e+09,2.186577032312329859e+06
5.055055141448974609e+00,1.976654712535518646e+09,2.242741461077719927e+06
5.075075149536132812e+00,2.045673213240890503e+09,2.300008148470165208e+06
5.095095157623291016e+00,2.116662190885463715e+09,2.358390185701463372e+06
5.115115165710449219e+00,2.189662909687808990e+09,2.417900623829191085e+06
5.135135173797607422e+00,2.264717044394840240e+09,2.478552468427553773e+06
5.155155181884765625e+00,2.341866671242027283e+09,2.540358674180386588e+06
5.175175189971923828e+00,2.421154258475639343e+09,2.603332139397604391e+06
5.195195198059082031e+00,2.502622656434001923e+09,2.667485700456337538e+06
5.215215206146240234e+00,2.586315087184635162e+09,2.732832126168218441e+06
5.235235214233398438e+00,2.672275133714836121e+09,2.799384112074203789e+06
5.255255222320556641e+00,2.760546728673133850e+09,2.867154274668476544e+06
5.275275230407714844e+00,2.851174142659721375e+09,2.936155145552986767e+06
5.295295238494873047e+00,2.944201972063858032e+09,3.006399165524282493e+06
5.315315723419189453e+00,3.039677429909851074e+09,3.077900396621346008e+06
5.335335731506347656e+00,3.137641178793060303e+09,3.150667674314002506e+06
5.355355739593505859e+00,3.238140959634296417e+09,3.224714818827191833e+06
5.375375747680664062e+00,3.341222541255348206e+09,3.300053847308167722e+06
5.395395755767822266e+00,3.446931950618343353e+09,3.376696655579090584e+06
5.415415763854980469e+00,3.555315457924854279e+09,3.454655011855703779e+06
5.435435771942138672e+00,3.666419561258258820e+09,3.533940550411605276e+06
5.455455780029296875e+00,3.780290970769973755e+09,3.614564765190291684e+06
5.475475788116455078e+00,3.896976592410617828e+09,3.696539003367203753e+06
5.495495796203613281e+00,4.016523511207687378e+09,3.779874458864037879e+06
5.515515804290771484e+00,4.138978974091312408e+09,3.864582165817736648e+06
5.535535812377929688e+00,4.264390372270561218e+09,3.950672992006505374e+06
5.555555820465087891e+00,4.392805223162498474e+09,4.038157632235398050e+06
5.575575828552246094e+00,4.524271151876998901e+09,4.127046601683985442e+06
5.595595836639404297e+00,4.658835872260643005e+09,4.217350229218723252e+06
5.615615844726562500e+00,4.796547167503211975e+09,4.309078650672686286e+06
5.635635852813720703e+00,4.937452870310813904e+09,4.402241802095392719e+06
5.655655860900878906e+00,5.081600842649948120e+09,4.496849412975529209e+06
5.675675868988037109e+00,5.229038955067497253e+09,4.592910999439380132e+06
5.695695877075195312e+00,5.379815065591430664e+09,4.690435857427930459e+06
5.715715885162353516e+00,5.533976998218116760e+09,4.789433055855547078e+06
5.735735893249511719e+00,5.691572520991798401e+09,4.889911429753291421e+06
5.755755901336669922e+00,5.852649323682998657e+09,4.991879573399937712e+06
5.775775909423828125e+00,6.017254995071998596e+09,5.095345833443823270e+06
5.795795917510986328e+00,6.185436999844917297e+09,5.200318302018702030e+06
5.815815925598144531e+00,6.357242655109687805e+09,5.306804809856871143e+06
5.835835933685302734e+00,6.532719106539863586e+09,5.414812919402819127e+06
5.855855941772460938e+00,6.711913304154342651e+09,5.524349917930759490e+06
5.875875949859619141e+00,6.894871977742004395e+09,5.635422810669435188e+06
5.895895957946777344e+00,7.081641611939903259e+09,5.748038313937602565e+06
5.915915966033935547e+00,7.272268420974800110e+09,5.862202848293707706e+06
5.935935974121093750e+00,7.466798323077613831e+09,5.977922531703252345e+06
5.955955982208251953e+00,7.665276914581108093e+09,6.095203172727425583e+06
5.975975990295410156e+00,7.867749443711372375e+09,6.214050263736611232e+06
5.995995998382568359e+00,8.074260784084091187e+09,6.334468974152401090e+06
6.016016006469726562e+00,8.284855407916923523e+09,6.456464143721831962e+06
6.036036014556884766e+00,8.499577358969650269e+09,6.580040275827504694e+06
6.056056022644042969e+00,8.718470225224372864e+09,6.705201530837437138e+06
6.076076030731201172e+00,8.941577111317962646e+09,6.831951719498317689e+06
6.096096038818359375e+00,9.168940610739845276e+09,6.960294296376088634e+06
6.116116046905517578e+00,9.400602777808006287e+09,7.090232353347633965e+06
6.136136054992675781e+00,9.636605099437072754e+09,7.221768613147451542e+06
6.156156539916992188e+00,9.876994244666481018e+09,7.354908613107623532e+06
6.176176548004150391e+00,1.012179903001782227e+10,7.489647976477853954e+06
6.196196556091308594e+00,1.037106474204130554e+10,7.625991432432394475e+06
6.216216564178466797e+00,1.062483031203217316e+10,7.763940163830516860e+06
6.236236572265625000e+00,1.088313396009754944e+10,7.903494953084541485e+06
6.256256580352783203e+00,1.114601316597894287e+10,8.044656176119074225e+06
6.276276588439941406e+00,1.141350463977064514e+10,8.187423796412914991e+06
6.296296596527099609e+00,1.168564429255027008e+10,8.331797359127651900e+06
6.316316604614257812e+00,1.196246720693770599e+10,8.477775985326960683e+06
6.336336612701416016e+00,1.224400760759924316e+10,8.625358366290599108e+06
6.356356620788574219e+00,1.253029883171374512e+10,8.774542757927162573e+06
6.376376628875732422e+00,1.282137329941824341e+10,8.925326975289579481e+06
6.396396636962890625e+00,1.311726248425028992e+10,9.077708387197420001e+06
6.416416645050048828e+00,1.341799688360470581e+10,9.231683910969927907e+06
6.436436653137207031e+00,1.372360598922296906e+10,9.387250007273901254e+06
6.456456661224365234e+00,1.403411825773301697e+10,9.544402675090337172e+06
6.476476669311523438e+00,1.434956108125829315e+10,9.703137446803823113e+06
6.496496677398681641e+00,1.466996075811399841e+10,9.863449383418660611e+06
6.516516685485839844e+00,1.499534246361002350e+10,1.002533306990566477e+07
6.536536693572998047e+00,1.532573022097894287e+10,1.018878261068353802e+07
6.556556701660156250e+00,1.566114687244835663e+10,1.035379162523873150e+07
6.576576709747314453e+00,1.600161405047702789e+10,1.052035324388766848e+07
6.596596717834472656e+00,1.634715214917374420e+10,1.068846010368514806e+07
6.616616725921630859e+00,1.669778029591893005e+10,1.085810434448277019e+07
6.636636734008789062e+00,1.705351632320832825e+10,1.102927760514111817e+07
6.656656742095947266e+00,1.741437674073844910e+10,1.120197101989945024e+07
6.676676750183105469e+00,1.778037670775376892e+10,1.137617521490659937e+07
6.696696758270263672e+00,1.815153000567559052e+10,1.155188030491670966e+07
6.716716766357421875e+00,1.852784901103207397e+10,1.172907589015342481e+07
6.736736774444580078e+00,1.890934466871012115e+10,1.190775105334609188e+07
6.756756782531738281e+00,1.929602646554843903e+10,1.208789435694143176e+07
6.776776790618896484e+00,1.968790240429219055e+10,1.226949384049418569e+07
6.796796798706054688e+00,2.008497897792913818e+10,1.245253701824007742e+07
6.816816806793212891e+00,2.048726114442744446e+10,1.263701087685442716e+07
6.836836814880371094e+00,2.089475230189458466e+10,1.282290187339968607e+07
6.856856822967529297e+00,2.130745426417804718e+10,1.301019593346508220e+07
6.876876831054687500e+00,2.172536723692720032e+10,1.319887844950150326e+07
6.896896839141845703e+00,2.214848979413588715e+10,1.338893427935464494e+07
6.916916847229003906e+00,2.257681885518625641e+10,1.358034774499946833e+07
6.936936855316162109e+00,2.301034966241249084e+10,1.377310263147877902e+07
6.956956863403320312e+00,2.344907575920452118e+10,1.396718218604883179e+07
6.976976871490478516e+00,2.389298896867074585e+10,1.416256911753462814e+07
6.996996879577636719e+00,2.434207937287896729e+10,1.435924559589761309e+07
7.017017364501953125e+00,2.479634617359030151e+10,1.455719798173133098e+07
7.037037372589111328e+00,2.525575427166809082e+10,1.475639793700644746e+07
7.057057380676269531e+00,2.572029916554363251e+10,1.495683071430779994e+07
7.077077388763427734e+00,2.618996377771394348e+10,1.515847632814194448e+07
7.097097396850585938e+00,2.666472919517108917e+10,1.536131425526244566e+07
7.117117404937744141e+00,2.714457465250423431e+10,1.556532343556235917e+07
7.137137413024902344e+00,2.762947751570824432e+10,1.577048227319509722e+07
7.157157421112060547e+00,2.811941326671633911e+10,1.597676863792539388e+07
7.177177429199218750e+00,2.861435548867375183e+10,1.618415986671234854e+07
7.197197437286376953e+00,2.911427585196916199e+10,1.639263276552596688e+07
7.217217445373535156e+00,2.961914410104016876e+10,1.660216361139894649e+07
7.237237453460693359e+00,3.012892804196924591e+10,1.681272815471503511e+07
7.257257461547851562e+00,3.064359353088523102e+10,1.702430162173527479e+07
7.277277469635009766e+00,3.116310446318637848e+10,1.723685871736333147e+07
7.297297477722167969e+00,3.168742276359941101e+10,1.745037362815106660e+07
7.317317485809326172e+00,3.221650837708933258e+10,1.766482002554511279e+07
7.337337493896484375e+00,3.275031926063395691e+10,1.788017106937551498e+07
7.357357501983642578e+00,3.328881137587719727e+10,1.809639941158694774e+07
7.377377510070800781e+00,3.383193868267370605e+10,1.831347720021315664e+07
7.397397518157958984e+00,3.437965313353849792e+10,1.853137608359508961e+07
7.417417526245117188e+00,3.493190466901302338e+10,1.875006721484294534e+07
7.437437534332275391e+00,3.548864121396005249e+10,1.896952125654250383e+07
7.457457542419433594e+00,3.604980867479873657e+10,1.918970838570544869e+07
7.477477550506591797e+00,3.661535093769007874e+10,1.941059829896401241e+07
7.497497558593750000e+00,3.718520986768392944e+10,1.963216021800933033e+07
7.517517566680908203e+00,3.775932530883649445e+10,1.985436289527343959e+07
7.537537574768066406e+00,3.833763508530821228e+10,2.007717461985419691e+07
7.557557582855224609e+00,3.892007500345022583e+10,2.030056322368265316e+07
7.577577590942382812e+00,3.950657885488767242e+10,2.052449608793193847e+07
7.597597599029541016e+00,4.009707842060741425e+10,2.074894014966687933e+07
7.617617607116699219e+00,4.069150347605702209e+10,2.097386190873319283e+07
7.637637615203857422e+00,4.128978179726125336e+10,2.119922743488505110e+07
7.657657623291015625e+00,4.189183916796213531e+10,2.142500237514974549e+07
7.677677631378173828e+00,4.249759938778716278e+10,2.165115196142781526e+07
7.697697639465332031e+00,4.310698428145059967e+10,2.187764101832719147e+07
7.717717647552490234e+00,4.371991370899153137e+10,2.210443397122936696e+07
7.737737655639648438e+00,4.433630557705193329e+10,2.233149485458581895e+07
7.757757663726806641e+00,4.495607585119721985e+10,2.255878732044257969e+07
7.777777671813964844e+00,4.557913856928135681e+10,2.278627464719066769e+07
7.797797679901123047e+00,4.620540585585745239e+10,2.301391974854011834e+07
7.817817687988281250e+00,4.683478793763519287e+10,2.324168518271505833e+07
7.837837696075439453e+00,4.746719315998389435e+10,2.346953316186719388e+07
7.857857704162597656e+00,4.810252800448136902e+10,2.369742556170492247e+07
7.877878189086914062e+00,4.874071234042399597e+10,2.392532935918929800e+07
7.897898197174072266e+00,4.938161857681309509e+10,2.415319492992346361e+07
7.917918205261230469e+00,5.002516288609257507e+10,2.438098862833725661e+07
7.937938213348388672e+00,5.067124449096593475e+10,2.460867108485697210e+07
7.957958221435546875e+00,5.131976085369827271e+10,2.483620264473833889e+07
7.977978229522705078e+00,5.197060769988412476e+10,2.506354337892288342e+07
7.997998237609863281e+00,5.262367904323622131e+10,2.529065309508655965e+07
8.018017768859863281e+00,5.327885158175375366e+10,2.551748594959157705e+07
8.038038253784179688e+00,5.393606287271181488e+10,2.574401745533295721e+07
8.058057785034179688e+00,5.459513934414498901e+10,2.597018511802315339e+07
8.078078269958496094e+00,5.525603121986945343e+10,2.619596935314889252e+07
8.098097801208496094e+00,5.591856140185652161e+10,2.642130731511808932e+07
8.118118286132812500e+00,5.658267732790505219e+10,2.664617894190895185e+07
8.138137817382812500e+00,5.724819854044281769e+10,2.687052110083135962e+07
8.158158302307128906e+00,5.791506977405438995e+10,2.709431328563612327e+07
8.178177833557128906e+00,5.858310738696405792e+10,2.731749214216194674e+07
8.198198318481445312e+00,5.925225349977310181e+10,2.754003675431933999e+07
8.218217849731445312e+00,5.992232147042536926e+10,2.776188361342548579e+07
8.238238334655761719e+00,6.059325090105091858e+10,2.798301142898237705e+07
8.258257865905761719e+00,6.126485234155754852e+10,2.820335660595630854e+07
8.278278350830078125e+00,6.193706297723162079e+10,2.842289751585265994e+07
8.298298835754394531e+00,6.260972280097711945e+10,2.864158094244076684e+07
8.318318367004394531e+00,6.328267053654058838e+10,2.885935376894993708e+07
8.338338851928710938e+00,6.395583994739015961e+10,2.907619393013669550e+07
8.358358383178710938e+00,6.462903545635771179e+10,2.929203792038691416e+07
8.378378868103027344e+00,6.530218868964577484e+10,2.950686343132789433e+07
8.398398399353027344e+00,6.597510199611097717e+10,2.972060711764801666e+07
8.418418884277343750e+00,6.664770498616196442e+10,2.993324646713635325e+07
8.438438415527343750e+00,6.731979816050967407e+10,3.014471836708765104e+07
8.458458900451660156e+00,6.799130924039421082e+10,3.035500014139752835e+07
8.478478431701660156e+00,6.866203711068409729e+10,3.056402898286659643e+07
8.498498916625976562e+00,6.933190773497032166e+10,3.077178209201599658e+07
8.518518447875976562e+00,7.000071862065162659e+10,3.097819704052358493e+07
8.538538932800292969e+00,7.066839410980920410e+10,3.118325094654751569e+07
8.558558464050292969e+00,7.133473057638984680e+10,3.138688183435991406e+07
8.578578948974609375e+00,7.199965088143498230e+10,3.158906678117619455e+07
8.598598480224609375e+00,7.266295051466142273e+10,3.178974433779706061e+07
8.618618965148925781e+00,7.332455100056867981e+10,3.198889158223874494e+07
8.638638496398925781e+00,7.398424719861050415e+10,3.218644766585180908e+07
8.658658981323242188e+00,7.464195944495471191e+10,3.238238970943311974e+07
8.678678512573242188e+00,7.529748222702944946e+10,3.257665753885944188e+07
8.698698997497558594e+00,7.595073484426507568e+10,3.276922835983610526e+07
8.718718528747558594e+00,7.660151167408328247e+10,3.296004274656431377e+07
8.738739013671875000e+00,7.724973113381594849e+10,3.314907803184400499e+07
8.758758544921875000e+00,7.789518775617593384e+10,3.333627561168694869e+07
8.778779029846191406e+00,7.853779923373143005e+10,3.352161298814196512e+07
8.798798561096191406e+00,7.917736052254785156e+10,3.370503245207040757e+07
8.818819046020507812e+00,7.981378875010043335e+10,3.388651171680127084e+07
8.838838577270507812e+00,8.044687956610697937e+10,3.406599404050245881e+07
8.858859062194824219e+00,8.107654969458984375e+10,3.424345738960005343e+07
8.878878593444824219e+00,8.170259575092137146e+10,3.441884606130813062e+07
8.898899078369140625e+00,8.232493421890576172e+10,3.459213831666078418e+07
8.918918609619140625e+00,8.294336295273168945e+10,3.476327956280589104e+07
8.938939094543457031e+00,8.355779836043338013e+10,3.493224839649891108e+07
8.958958625793457031e+00,8.416803980878688049e+10,3.509899140472288430e+07
8.978979110717773438e+00,8.477400379533239746e+10,3.526348756057928503e+07
8.998998641967773438e+00,8.537549147325831604e+10,3.542568469966831803e+07
9.019019126892089844e+00,8.597241959532427979e+10,3.558556221148263663e+07
9.039038658142089844e+00,8.656459137445095825e+10,3.574306924777035415e+07
9.059059143066406250e+00,8.715192398437539673e+10,3.589818565379138291e+07
9.079078674316406250e+00,8.773422297000408936e+10,3.605086196359097958e+07
9.099099159240722656e+00,8.831140609145927429e+10,3.620107851681430638e+07
9.119118690490722656e+00,8.888328149625816345e+10,3.634878729444343597e+07
9.139139175415039062e+00,8.944976769557034302e+10,3.649396916828125715e+07
9.159159660339355469e+00,9.001070229368637085e+10,3.663658436107341945e+07
9.179179191589355469e+00,9.056592495916279602e+10,3.677659411815366149e+07
9.199199676513671875e+00,9.111535563589187622e+10,3.691398017833159864e+07
9.219219207763671875e+00,9.165881014619754028e+10,3.704869841171320528e+07
9.239239692687988281e+00,9.219620959082736206e+10,3.718073117943916470e+07
9.259259223937988281e+00,9.272737332100357056e+10,3.731003601110993326e+07
9.279279708862304688e+00,9.325222375328540039e+10,3.743659592434624583e+07
9.299299240112304688e+00,9.377058402419119263e+10,3.756037016457191110e+07
9.319319725036621094e+00,9.428237802254641724e+10,3.768134243882019818e+07
9.339339256286621094e+00,9.478743292189819336e+10,3.779947376250208169e+07
9.359359741210937500e+00,9.528567423691268921e+10,3.791474856370322406e+07
9.379379272460937500e+00,9.577693342470310974e+10,3.802712967971286178e+07
9.399399757385253906e+00,9.626113777609970093e+10,3.813660228994321078e+07
9.419419288635253906e+00,9.673812327260426331e+10,3.824313110307681561e+07
9.439439773559570312e+00,9.720781912791920471e+10,3.834670207869047672e+07
9.459459304809570312e+00,9.767006608253573608e+10,3.844728184390037507e+07
9.479479789733886719e+00,9.812479541576681519e+10,3.854485716578295827e+07
9.499499320983886719e+00,9.857185285497746277e+10,3.863939663435959071e+07
9.519519805908203125e+00,9.901117188351567078e+10,3.873088784997475892e+07
9.539539337158203125e+00,9.944260343630860901e+10,3.881930140736896545e+07
9.559559822082519531e+00,9.986608333451632690e+10,3.890462576429651678e+07
9.579579353332519531e+00,1.002814679336572418e+11,3.898683355928982794e+07
9.599599838256835938e+00,1.006886955215111694e+11,3.906591412997195125e+07
9.619619369506835938e+00,1.010876280791113434e+11,3.914184219492075592e+07
9.639639854431152344e+00,1.014782064843874664e+11,3.921460799235174805e+07
9.659659385681152344e+00,1.018602985402773590e+11,3.928418835425025970e+07
9.679679870605468750e+00,1.022338478328186035e+11,3.935057443836463988e+07
9.699699401855468750e+00,1.025987281743016052e+11,3.941374522049167752e+07
9.719719886779785156e+00,1.029548859709775085e+11,3.947369279502554238e+07
9.739739418029785156e+00,1.033022012226076355e+11,3.953039830896027386e+07
9.759759902954101562e+00,1.036406232616454315e+11,3.958385480858179927e+07
9.779779434204101562e+00,1.039700384437465363e+11,3.963404563639490306e+07
9.799799919128417969e+00,1.042903991271903534e+11,3.968096480392099172e+07
9.819819450378417969e+00,1.046015981819113159e+11,3.972459787036913633e+07
9.839839935302734375e+00,1.049035910850420990e+11,3.976493982390706986e+07
9.859859466552734375e+00,1.051962773688223877e+11,3.980197845848075300e+07
9.879879951477050781e+00,1.054796157154552917e+11,3.983570974835620821e+07
9.899899482727050781e+00,1.057535124568587341e+11,3.986612373705336452e+07
9.919919967651367188e+00,1.060179295595177612e+11,3.989321739240848273e+07
9.939939498901367188e+00,1.062727802814778442e+11,3.991698301912922412e+07
9.959959983825683594e+00,1.065180299455350952e+11,3.993741858409745246e+07
9.979979515075683594e+00,1.067535988511439209e+11,3.995451866157827526e+07
1.000000000000000000e+01,1.069794557421004639e+11,3.996828222096625715e+07
